Workbook

Sheet Summary
A1: Claims Performance Report - Jan 2024 to Dec 2025
A2: Synthetic data for portfolio purposes. Blue = source data; black = formula.
A4: KPI | B4: Value
A5: Total claims | B5: =SUM('Monthly Trend'!B2:B25) -> 58922
A6: Total paid | B6: =SUM('Monthly Trend'!C2:C25) -> 53901494
A7: Member months | B7: =SUM('Monthly Trend'!D2:D25) -> 156995
A8: Paid PMPM (overall) | B8: =B6/B7 -> 343.33255
A9: Denied claims | B9: =Denials!B8 -> 5810
A10: Denial rate | B10: =B9/B5 -> 0.098604935
A11: Allowed $ at risk from denials | B11: =Denials!C8 -> 7762058
A12: DQ tests failing on RAW | B12: =COUNTIFS('Data Quality'!A:A,"RAW",'Data Quality'!F:F,"FAIL") -> 12
A13: DQ tests failing on CLEAN | B13: =COUNTIFS('Data Quality'!A:A,"CLEAN",'Data Quality'!F:F,"FAIL") -> 0
A15: Note: Dec 2025 paid is understated - claims still pending / not yet received (claims run-out lag).

Sheet Monthly Trend
A1: Year Month | B1: Claims | C1: Paid | D1: Member Months | E1: Paid PMPM | F1: PMPM MoM %
A2: 2024-01 | B2: 3190 | C2: 3293669 | D2: 5668 | E2: =C2/D2 -> 581.09898
A3: 2024-02 | B3: 3055 | C3: 2771616 | D3: 5791 | E3: =C3/D3 -> 478.60749 | F3: =E3/E2-1 -> -0.17637526
A4: 2024-03 | B4: 2127 | C4: 1817816 | D4: 5918 | E4: =C4/D4 -> 307.16729 | F4: =E4/E3-1 -> -0.35820628
A5: 2024-04 | B5: 2073 | C5: 1857388 | D5: 6051 | E5: =C5/D5 -> 306.95554 | F5: =E5/E4-1 -> -0.00068933678
A6: 2024-05 | B6: 2070 | C6: 1992439 | D6: 6124 | E6: =C6/D6 -> 325.34928 | F6: =E6/E5-1 -> 0.05992313
A7: 2024-06 | B7: 2000 | C7: 1750049 | D7: 6205 | E7: =C7/D7 -> 282.03852 | F7: =E7/E6-1 -> -0.13312082
A8: 2024-07 | B8: 2041 | C8: 1742331 | D8: 6281 | E8: =C8/D8 -> 277.39707 | F8: =E8/E7-1 -> -0.016456783
A9: 2024-08 | B9: 2085 | C9: 2151352 | D9: 6359 | E9: =C9/D9 -> 338.31609 | F9: =E9/E8-1 -> 0.21960945
A10: 2024-09 | B10: 1973 | C10: 1835711 | D10: 6438 | E10: =C10/D10 -> 285.13684 | F10: =E10/E9-1 -> -0.15718804
A11: 2024-10 | B11: 2065 | C11: 2078787 | D11: 6493 | E11: =C11/D11 -> 320.15817 | F11: =E11/E10-1 -> 0.12282287
A12: 2024-11 | B12: 1915 | C12: 1944182 | D12: 6538 | E12: =C12/D12 -> 297.36647 | F12: =E12/E11-1 -> -0.071188867
A13: 2024-12 | B13: 3134 | C13: 2953512 | D13: 6600 | E13: =C13/D13 -> 447.50182 | F13: =E13/E12-1 -> 0.50488323
A14: 2025-01 | B14: 3286 | C14: 3085301 | D14: 6656 | E14: =C14/D14 -> 463.53681 | F14: =E14/E13-1 -> 0.035832236
... A25: 2025-12 | B25: 3626 | C25: 1170576 | D25: 6869 | E25: =C25/D25 -> 170.41433 | F25: =E25/E24-1 -> -0.47265323

Sheet Line of Business
A1: Line Of Business | B1: Member Months | C1: Claims | D1: Paid Pmpm | E1: Claims Per 1000 Per Year
A2: Medicare Advantage | B2: 42088 | C2: 26797 | D2: 573.62 | E2: 7640
A3: Medicaid | B3: 27564 | C3: 7804 | D3: 290.64 | E3: 3397
A4: Commercial | B4: 87343 | C4: 24321 | D4: 248.99 | E4: 3341

Sheet Denials
A1: Denial Reason | B1: Denied Claims | C1: Allowed Value At Risk | D1: % of Denials
A2: Missing prior authorization | B2: 1533 | C2: 2047757 | D2: =B2/SUM($B$2:$B$7) -> 0.26385542
A3: Out-of-network provider | B3: 1386 | C3: 1514289 | D3: =B3/SUM($B$2:$B$7) -> 0.23855422
A4: Missing/invalid information | B4: 973 | C4: 1287221 | D4: =B4/SUM($B$2:$B$7) -> 0.16746988
A5: Duplicate claim submission | B5: 769 | C5: 1026921 | D5: =B5/SUM($B$2:$B$7) -> 0.132358
A6: Service not covered | B6: 746 | C6: 981612 | D6: =B6/SUM($B$2:$B$7) -> 0.12839931
A7: Timely filing limit exceeded | B7: 403 | C7: 904258 | D7: =B7/SUM($B$2:$B$7) -> 0.069363167
A8: Total | B8: =SUM(B2:B7) -> 5810 | C8: =SUM(C2:C7) -> 7762058

Sheet SLA
A1: Claim Type | B1: Processed Claims | C1: Avg Tat Days | D1: Max Tat Days | E1: Pct Within Sla | F1: Sla Breaches
A2: Inpatient | B2: 3447 | C2: 23.7 | D2: 76 | E2: 83.2 | F2: 578
A3: Outpatient | B3: 21330 | C3: 11.8 | D3: 69 | E3: 97.4 | F3: 551
A4: Pharmacy | B4: 5245 | C4: 11.5 | D4: 60 | E4: 97.5 | F4: 132
A5: Professional | B5: 26833 | C5: 11.5 | D5: 84 | E5: 97.7 | F5: 626

Sheet Data Quality
A1: Stage | B1: Test Case Id | C1: Rule | D1: Severity | E1: Rows Failed | F1: Status
A2: RAW | B2: DQ-01 | C2: claim_id is unique (no duplicate submissions) | D2: Critical | E2: 720 | F2: FAIL
A3: RAW | B3: DQ-02 | C3: claim_id is not null | D3: Critical | E3: 0 | F3: PASS
A4: RAW | B4: DQ-03 | C4: member_id exists in members (referential integrity) | D4: Critical | E4: 180 | F4: FAIL
A5: RAW | B5: DQ-04 | C5: provider_id is not null | D5: Critical | E5: 240 | F5: FAIL
A6: RAW | B6: DQ-05 | C6: provider_id exists in providers | D6: High | E6: 0 | F6: PASS
A7: RAW | B7: DQ-06 | C7: billed_amount > 0 | D7: Critical | E7: 180 | F7: FAIL
A8: RAW | B8: DQ-07 | C8: paid_amount <= allowed_amount <= billed_amount | D8: High | E8: 194 | F8: FAIL
A9: RAW | B9: DQ-08 | C9: claim_status in allowed list {Paid, Denied, Pending} | D9: Medium | E9: 1200 | F9: FAIL
A10: RAW | B10: DQ-09 | C10: Denied claims have paid_amount = 0 | D10: High | E10: 58 | F10: FAIL
A11: RAW | B11: DQ-10 | C11: Denied claims carry a denial_reason | D11: Medium | E11: 0 | F11: PASS
A12: RAW | B12: DQ-11 | C12: service_date not in the future | D12: Critical | E12: 60 | F12: FAIL
A13: RAW | B13: DQ-12 | C13: processed_date >= received_date | D13: High | E13: 240 | F13: FAIL
... A31: CLEAN | B31: DQ-15 | C31: Pending claims have no processed_date | D31: Low | E31: 0 | F31: PASS
